{
  "per_class": {
    "Ulcer": {
      "precision": 0.8888888888888888,
      "recall": 0.08430913348946135,
      "f1": 0.15401069518716576,
      "tp": 72,
      "fp": 9,
      "fn": 782
    },
    "Erosion": {
      "precision": 0.88,
      "recall": 0.21696252465483234,
      "f1": 0.3481012658227848,
      "tp": 110,
      "fp": 15,
      "fn": 397
    },
    "Blood - fresh": {
      "precision": 0,
      "recall": 0.0,
      "f1": 0,
      "tp": 0,
      "fp": 0,
      "fn": 446
    },
    "Polyp": {
      "precision": 1.0,
      "recall": 0.07142857142857142,
      "f1": 0.13333333333333333,
      "tp": 4,
      "fp": 0,
      "fn": 52
    }
  },
  "macro": {
    "precision": 0.6922222222222222,
    "recall": 0.09317505739321627,
    "f1": 0.15886132358582095
  },
  "micro": {
    "precision": 0.8857142857142857,
    "recall": 0.0998389694041868,
    "f1": 0.17945007235890015
  },
  "segmentation": {
    "mean_iou": 0.5101,
    "mean_dice": 0.6152
  }
}